{
    "total_runtime": 226.5408434867859,
    "num_documents": 1,
    "input_load_time": 0,
    "workflows": {
        "create_base_text_units": {
            "overall": 0.2529900074005127,
            "0_orderby": 0.0027632713317871094,
            "1_zip": 0.0020296573638916016,
            "2_aggregate_override": 0.0050470829010009766,
            "3_chunk": 0.20490121841430664,
            "4_select": 0.002946615219116211,
            "5_unroll": 0.003854513168334961,
            "6_rename": 0.003023862838745117,
            "7_genid": 0.007041454315185547,
            "8_unzip": 0.004272937774658203,
            "9_copy": 0.003391265869140625,
            "10_filter": 0.011018514633178711
        },
        "create_base_extracted_entities": {
            "overall": 125.82250833511353,
            "0_entity_extract": 125.72864437103271,
            "1_merge_graphs": 0.09121394157409668
        },
        "create_summarized_entities": {
            "overall": 11.299087524414062,
            "0_summarize_descriptions": 11.29469084739685
        },
        "create_base_entity_graph": {
            "overall": 0.5797803401947021,
            "0_cluster_graph": 0.5732121467590332,
            "1_select": 0.006568193435668945
        },
        "create_final_entities": {
            "overall": 2.847712278366089,
            "0_unpack_graph": 0.14179039001464844,
            "1_rename": 0.005708456039428711,
            "2_select": 0.006999969482421875,
            "3_dedupe": 0.005971193313598633,
            "4_rename": 0.0060198307037353516,
            "5_filter": 0.020523786544799805,
            "6_text_split": 0.015893936157226562,
            "7_drop": 0.006959676742553711,
            "8_merge": 0.12895488739013672,
            "9_text_embed": 2.4622292518615723,
            "10_drop": 0.01562356948852539,
            "11_filter": 0.02622365951538086
        },
        "create_final_nodes": {
            "overall": 1.809084177017212,
            "0_layout_graph": 1.045243740081787,
            "1_unpack_graph": 0.21062636375427246,
            "2_unpack_graph": 0.4199230670928955,
            "3_drop": 0.008666753768920898,
            "4_filter": 0.04420948028564453,
            "5_select": 0.008712291717529297,
            "6_rename": 0.008670568466186523,
            "7_join": 0.018520355224609375,
            "8_convert": 0.03099679946899414,
            "9_rename": 0.011517524719238281
        },
        "create_final_communities": {
            "overall": 0.8946657180786133,
            "0_unpack_graph": 0.2279341220855713,
            "1_unpack_graph": 0.16504454612731934,
            "2_aggregate_override": 0.016048192977905273,
            "3_join": 0.016637086868286133,
            "4_join": 0.030648469924926758,
            "5_concat": 0.018225908279418945,
            "6_filter": 0.27004313468933105,
            "7_aggregate_override": 0.028615236282348633,
            "8_join": 0.01616954803466797,
            "9_filter": 0.024071455001831055,
            "10_fill": 0.012752056121826172,
            "11_merge": 0.035355567932128906,
            "12_copy": 0.013833284378051758,
            "13_select": 0.010543107986450195
        },
        "join_text_units_to_entity_ids": {
            "overall": 0.052767038345336914,
            "0_select": 0.01587963104248047,
            "1_unroll": 0.017083168029785156,
            "2_aggregate_override": 0.015124320983886719
        },
        "create_final_relationships": {
            "overall": 0.38623523712158203,
            "0_unpack_graph": 0.19441866874694824,
            "1_filter": 0.05449652671813965,
            "2_rename": 0.013657331466674805,
            "3_filter": 0.047379493713378906,
            "4_drop": 0.013083934783935547,
            "5_compute_edge_combined_degree": 0.020352840423583984,
            "6_convert": 0.027087688446044922,
            "7_convert": 0.014079093933105469
        },
        "join_text_units_to_relationship_ids": {
            "overall": 0.06146645545959473,
            "0_select": 0.013031482696533203,
            "1_unroll": 0.015660524368286133,
            "2_aggregate_override": 0.016065120697021484,
            "3_select": 0.015659809112548828
        },
        "create_final_community_reports": {
            "overall": 78.48903322219849,
            "0_prepare_community_reports_nodes": 0.03172636032104492,
            "1_prepare_community_reports_edges": 0.03128695487976074,
            "2_restore_community_hierarchy": 0.015631437301635742,
            "3_prepare_community_reports": 0.5177900791168213,
            "4_create_community_reports": 77.86490178108215,
            "5_window": 0.015663623809814453
        },
        "create_final_text_units": {
            "overall": 0.1431119441986084,
            "0_select": 0.01610398292541504,
            "1_rename": 0.015660524368286133,
            "2_join": 0.03173041343688965,
            "3_join": 0.03236985206604004,
            "4_aggregate_override": 0.01591205596923828,
            "5_select": 0.015674114227294922
        },
        "create_base_documents": {
            "overall": 0.18838262557983398,
            "0_unroll": 0.015625,
            "1_select": 0.015625,
            "2_rename": 0.018634557723999023,
            "3_join": 0.028701305389404297,
            "4_aggregate_override": 0.015617132186889648,
            "5_join": 0.01596236228942871,
            "6_rename": 0.015571355819702148,
            "7_convert": 0.04698777198791504
        },
        "create_final_documents": {
            "overall": 0.04719090461730957,
            "0_rename": 0.02019190788269043
        }
    }
}