{
    "total_runtime": 4841.819543838501,
    "num_documents": 1,
    "input_load_time": 0,
    "workflows": {
        "create_base_text_units": {
            "overall": 0.2730233669281006,
            "0_orderby": 0.004006862640380859,
            "1_zip": 0.002994060516357422,
            "2_aggregate_override": 0.004515171051025391,
            "3_chunk": 0.2163693904876709,
            "4_select": 0.00439453125,
            "5_unroll": 0.0029993057250976562,
            "6_rename": 0.004036426544189453,
            "7_genid": 0.008141040802001953,
            "8_unzip": 0.0042667388916015625,
            "9_copy": 0.002997875213623047,
            "10_filter": 0.015849590301513672
        },
        "create_base_extracted_entities": {
            "overall": 3344.632968902588,
            "0_entity_extract": 3343.969127178192,
            "1_merge_graphs": 0.6590292453765869
        },
        "create_summarized_entities": {
            "overall": 40.45363926887512,
            "0_summarize_descriptions": 40.442378997802734
        },
        "create_base_entity_graph": {
            "overall": 0.7215070724487305,
            "0_cluster_graph": 0.6996617317199707,
            "1_select": 0.01147150993347168
        },
        "create_final_entities": {
            "overall": 4.064567804336548,
            "0_unpack_graph": 0.33672046661376953,
            "1_rename": 0.014055490493774414,
            "2_select": 0.014402389526367188,
            "3_dedupe": 0.014936208724975586,
            "4_rename": 0.014174222946166992,
            "5_filter": 0.04441547393798828,
            "6_text_split": 0.027303457260131836,
            "7_drop": 0.01403355598449707,
            "8_merge": 0.21866488456726074,
            "9_text_embed": 3.2880351543426514,
            "10_drop": 0.014419078826904297,
            "11_filter": 0.051340579986572266
        },
        "create_final_nodes": {
            "overall": 2.515246868133545,
            "0_layout_graph": 1.3787410259246826,
            "1_unpack_graph": 0.4055962562561035,
            "2_unpack_graph": 0.42417478561401367,
            "3_filter": 0.10016012191772461,
            "4_drop": 0.020040035247802734,
            "5_select": 0.018454790115356445,
            "6_rename": 0.019655704498291016,
            "7_join": 0.03440570831298828,
            "8_convert": 0.07897639274597168,
            "9_rename": 0.018843650817871094
        },
        "create_final_communities": {
            "overall": 1.775005578994751,
            "0_unpack_graph": 0.4625873565673828,
            "1_unpack_graph": 0.390824556350708,
            "2_aggregate_override": 0.026176929473876953,
            "3_join": 0.04701542854309082,
            "4_join": 0.044586896896362305,
            "5_concat": 0.024137258529663086,
            "6_filter": 0.4824099540710449,
            "7_aggregate_override": 0.04793405532836914,
            "8_join": 0.03585505485534668,
            "9_filter": 0.0563051700592041,
            "10_fill": 0.02308487892150879,
            "11_merge": 0.0558323860168457,
            "12_copy": 0.023832321166992188,
            "13_select": 0.03086090087890625
        },
        "join_text_units_to_entity_ids": {
            "overall": 0.12889981269836426,
            "0_select": 0.027169227600097656,
            "1_unroll": 0.03502345085144043,
            "2_aggregate_override": 0.04452395439147949
        },
        "create_final_relationships": {
            "overall": 0.7932851314544678,
            "0_unpack_graph": 0.35262084007263184,
            "1_filter": 0.09763813018798828,
            "2_rename": 0.029115915298461914,
            "3_filter": 0.09524011611938477,
            "4_drop": 0.05206751823425293,
            "5_compute_edge_combined_degree": 0.047521352767944336,
            "6_convert": 0.06128287315368652,
            "7_convert": 0.03226733207702637
        },
        "join_text_units_to_relationship_ids": {
            "overall": 0.19204115867614746,
            "0_select": 0.03354644775390625,
            "1_unroll": 0.03801584243774414,
            "2_aggregate_override": 0.05003833770751953,
            "3_select": 0.038439273834228516
        },
        "create_final_community_reports": {
            "overall": 1440.2425253391266,
            "0_prepare_community_reports_nodes": 0.07261061668395996,
            "1_prepare_community_reports_edges": 0.0444338321685791,
            "2_restore_community_hierarchy": 0.046301841735839844,
            "3_prepare_community_reports": 0.6684761047363281,
            "4_create_community_reports": 1439.3603167533875,
            "5_window": 0.019087553024291992
        },
        "create_final_text_units": {
            "overall": 0.14928531646728516,
            "0_select": 0.01754307746887207,
            "1_rename": 0.016107797622680664,
            "2_join": 0.021943330764770508,
            "3_join": 0.021187782287597656,
            "4_aggregate_override": 0.039830684661865234,
            "5_select": 0.017000198364257812
        },
        "create_base_documents": {
            "overall": 0.19130206108093262,
            "0_unroll": 0.01802349090576172,
            "1_select": 0.017000198364257812,
            "2_rename": 0.017032861709594727,
            "3_join": 0.023968935012817383,
            "4_aggregate_override": 0.020107269287109375,
            "5_join": 0.02251577377319336,
            "6_rename": 0.018593549728393555,
            "7_convert": 0.03705620765686035
        },
        "create_final_documents": {
            "overall": 0.03726840019226074,
            "0_rename": 0.019109725952148438
        }
    }
}